d_H_ws, d_H_err_ws, d_H, d_H_err,size_min,size_max,n_sizes
5.041808578910304,1.117918043215439,4.640394558029669,0.9207465857338302,50,200,8
3.4,0.7,4.144,0.922,50,200,8
4.54,0.65,4.480,0.661,50,200,8
2.94,0.45,3.28,0.46,50,200,8
3.67,0.63,3.971,0.403,50,200,81.767,1,2,1,10,22,3

